-- MySQL dump 10.13  Distrib 5.1.73, for redhat-linux-gnu (x86_64)
--
-- Host: localhost    Database: cheungssh
-- ------------------------------------------------------
-- Server version	5.1.73

/*!40101 SET @OLD_CHARACTER_SET_CLIENT=@@CHARACTER_SET_CLIENT */;
/*!40101 SET @OLD_CHARACTER_SET_RESULTS=@@CHARACTER_SET_RESULTS */;
/*!40101 SET @OLD_COLLATION_CONNECTION=@@COLLATION_CONNECTION */;
/*!40101 SET NAMES utf8 */;
/*!40103 SET @OLD_TIME_ZONE=@@TIME_ZONE */;
/*!40103 SET TIME_ZONE='+00:00' */;
/*!40014 SET @OLD_UNIQUE_CHECKS=@@UNIQUE_CHECKS, UNIQUE_CHECKS=0 */;
/*!40014 SET @OLD_FOREIGN_KEY_CHECKS=@@FOREIGN_KEY_CHECKS, FOREIGN_KEY_CHECKS=0 */;
/*!40101 SET @OLD_SQL_MODE=@@SQL_MODE, SQL_MODE='NO_AUTO_VALUE_ON_ZERO' */;
/*!40111 SET @OLD_SQL_NOTES=@@SQL_NOTES, SQL_NOTES=0 */;

--
-- Table structure for table `auth_group`
--

DROP TABLE IF EXISTS `auth_group`;
/*!40101 SET @saved_cs_client     = @@character_set_client */;
/*!40101 SET character_set_client = utf8 */;
CREATE TABLE `auth_group` (
  `id` int(11) NOT NULL AUTO_INCREMENT,
  `name` varchar(80) NOT NULL,
  PRIMARY KEY (`id`),
  UNIQUE KEY `name` (`name`)
) ENGINE=MyISAM DEFAULT CHARSET=utf8;
/*!40101 SET character_set_client = @saved_cs_client */;

--
-- Dumping data for table `auth_group`
--

LOCK TABLES `auth_group` WRITE;
/*!40000 ALTER TABLE `auth_group` DISABLE KEYS */;
/*!40000 ALTER TABLE `auth_group` ENABLE KEYS */;
UNLOCK TABLES;

--
-- Table structure for table `auth_group_permissions`
--

DROP TABLE IF EXISTS `auth_group_permissions`;
/*!40101 SET @saved_cs_client     = @@character_set_client */;
/*!40101 SET character_set_client = utf8 */;
CREATE TABLE `auth_group_permissions` (
  `id` int(11) NOT NULL AUTO_INCREMENT,
  `group_id` int(11) NOT NULL,
  `permission_id` int(11) NOT NULL,
  PRIMARY KEY (`id`),
  UNIQUE KEY `group_id` (`group_id`,`permission_id`),
  KEY `auth_group_permissions_bda51c3c` (`group_id`),
  KEY `auth_group_permissions_1e014c8f` (`permission_id`)
) ENGINE=MyISAM DEFAULT CHARSET=utf8;
/*!40101 SET character_set_client = @saved_cs_client */;

--
-- Dumping data for table `auth_group_permissions`
--

LOCK TABLES `auth_group_permissions` WRITE;
/*!40000 ALTER TABLE `auth_group_permissions` DISABLE KEYS */;
/*!40000 ALTER TABLE `auth_group_permissions` ENABLE KEYS */;
UNLOCK TABLES;

--
-- Table structure for table `auth_permission`
--

DROP TABLE IF EXISTS `auth_permission`;
/*!40101 SET @saved_cs_client     = @@character_set_client */;
/*!40101 SET character_set_client = utf8 */;
CREATE TABLE `auth_permission` (
  `id` int(11) NOT NULL AUTO_INCREMENT,
  `name` varchar(50) NOT NULL,
  `content_type_id` int(11) NOT NULL,
  `codename` varchar(100) NOT NULL,
  PRIMARY KEY (`id`),
  UNIQUE KEY `content_type_id` (`content_type_id`,`codename`),
  KEY `auth_permission_e4470c6e` (`content_type_id`)
) ENGINE=MyISAM AUTO_INCREMENT=38 DEFAULT CHARSET=utf8;
/*!40101 SET character_set_client = @saved_cs_client */;

--
-- Dumping data for table `auth_permission`
--

LOCK TABLES `auth_permission` WRITE;
/*!40000 ALTER TABLE `auth_permission` DISABLE KEYS */;
INSERT INTO `auth_permission` VALUES (1,'Can add permission',1,'add_permission'),(2,'Can change permission',1,'change_permission'),(3,'Can delete permission',1,'delete_permission'),(4,'Can add group',2,'add_group'),(5,'Can change group',2,'change_group'),(6,'Can delete group',2,'delete_group'),(7,'Can add user',3,'add_user'),(8,'Can change user',3,'change_user'),(9,'Can delete user',3,'delete_user'),(10,'Can add content type',4,'add_contenttype'),(11,'Can change content type',4,'change_contenttype'),(12,'Can delete content type',4,'delete_contenttype'),(13,'Can add session',5,'add_session'),(14,'Can change session',5,'change_session'),(15,'Can delete session',5,'delete_session'),(16,'Can add main_ conf',6,'add_main_conf'),(17,'Can change main_ conf',6,'change_main_conf'),(18,'Can delete main_ conf',6,'delete_main_conf'),(19,'Can add server conf',7,'add_serverconf'),(20,'Can change server conf',7,'change_serverconf'),(21,'Can delete server conf',7,'delete_serverconf'),(22,'Can add server info',8,'add_serverinfo'),(23,'Can change server info',8,'change_serverinfo'),(24,'Can delete server info',8,'delete_serverinfo'),(25,'Can add comment',9,'add_comment'),(26,'Can change comment',9,'change_comment'),(27,'Can delete comment',9,'delete_comment'),(28,'Can moderate comments',9,'can_moderate'),(29,'Can add comment flag',10,'add_commentflag'),(30,'Can change comment flag',10,'change_commentflag'),(31,'Can delete comment flag',10,'delete_commentflag'),(32,'Can add site',11,'add_site'),(33,'Can change site',11,'change_site'),(34,'Can delete site',11,'delete_site'),(35,'Can add log entry',12,'add_logentry'),(36,'Can change log entry',12,'change_logentry'),(37,'Can delete log entry',12,'delete_logentry');
/*!40000 ALTER TABLE `auth_permission` ENABLE KEYS */;
UNLOCK TABLES;

--
-- Table structure for table `auth_user`
--

DROP TABLE IF EXISTS `auth_user`;
/*!40101 SET @saved_cs_client     = @@character_set_client */;
/*!40101 SET character_set_client = utf8 */;
CREATE TABLE `auth_user` (
  `id` int(11) NOT NULL AUTO_INCREMENT,
  `username` varchar(30) NOT NULL,
  `first_name` varchar(30) NOT NULL,
  `last_name` varchar(30) NOT NULL,
  `email` varchar(75) NOT NULL,
  `password` varchar(128) NOT NULL,
  `is_staff` tinyint(1) NOT NULL,
  `is_active` tinyint(1) NOT NULL,
  `is_superuser` tinyint(1) NOT NULL,
  `last_login` datetime NOT NULL,
  `date_joined` datetime NOT NULL,
  PRIMARY KEY (`id`),
  UNIQUE KEY `username` (`username`)
) ENGINE=MyISAM AUTO_INCREMENT=2 DEFAULT CHARSET=utf8;
/*!40101 SET character_set_client = @saved_cs_client */;

--
-- Dumping data for table `auth_user`
--

LOCK TABLES `auth_user` WRITE;
/*!40000 ALTER TABLE `auth_user` DISABLE KEYS */;
INSERT INTO `auth_user` VALUES (1,'root','','','a@q.com','pbkdf2_sha256$10000$3dGJp3Kj0IqK$xOufEQ0YvsdVQ8AauUdjmTF1EHsmOjy1QqYGfAxCHdo=',1,1,1,'2015-10-08 11:19:01','2015-09-15 02:26:30');
/*!40000 ALTER TABLE `auth_user` ENABLE KEYS */;
UNLOCK TABLES;

--
-- Table structure for table `auth_user_groups`
--

DROP TABLE IF EXISTS `auth_user_groups`;
/*!40101 SET @saved_cs_client     = @@character_set_client */;
/*!40101 SET character_set_client = utf8 */;
CREATE TABLE `auth_user_groups` (
  `id` int(11) NOT NULL AUTO_INCREMENT,
  `user_id` int(11) NOT NULL,
  `group_id` int(11) NOT NULL,
  PRIMARY KEY (`id`),
  UNIQUE KEY `user_id` (`user_id`,`group_id`),
  KEY `auth_user_groups_fbfc09f1` (`user_id`),
  KEY `auth_user_groups_bda51c3c` (`group_id`)
) ENGINE=MyISAM DEFAULT CHARSET=utf8;
/*!40101 SET character_set_client = @saved_cs_client */;

--
-- Dumping data for table `auth_user_groups`
--

LOCK TABLES `auth_user_groups` WRITE;
/*!40000 ALTER TABLE `auth_user_groups` DISABLE KEYS */;
/*!40000 ALTER TABLE `auth_user_groups` ENABLE KEYS */;
UNLOCK TABLES;

--
-- Table structure for table `auth_user_user_permissions`
--

DROP TABLE IF EXISTS `auth_user_user_permissions`;
/*!40101 SET @saved_cs_client     = @@character_set_client */;
/*!40101 SET character_set_client = utf8 */;
CREATE TABLE `auth_user_user_permissions` (
  `id` int(11) NOT NULL AUTO_INCREMENT,
  `user_id` int(11) NOT NULL,
  `permission_id` int(11) NOT NULL,
  PRIMARY KEY (`id`),
  UNIQUE KEY `user_id` (`user_id`,`permission_id`),
  KEY `auth_user_user_permissions_fbfc09f1` (`user_id`),
  KEY `auth_user_user_permissions_1e014c8f` (`permission_id`)
) ENGINE=MyISAM DEFAULT CHARSET=utf8;
/*!40101 SET character_set_client = @saved_cs_client */;

--
-- Dumping data for table `auth_user_user_permissions`
--

LOCK TABLES `auth_user_user_permissions` WRITE;
/*!40000 ALTER TABLE `auth_user_user_permissions` DISABLE KEYS */;
/*!40000 ALTER TABLE `auth_user_user_permissions` ENABLE KEYS */;
UNLOCK TABLES;

--
-- Table structure for table `cheungssh_main_conf`
--

DROP TABLE IF EXISTS `cheungssh_main_conf`;
/*!40101 SET @saved_cs_client     = @@character_set_client */;
/*!40101 SET character_set_client = utf8 */;
CREATE TABLE `cheungssh_main_conf` (
  `id` int(11) NOT NULL AUTO_INCREMENT,
  `RunMode` varchar(1) NOT NULL,
  `TimeOut` int(11) NOT NULL,
  PRIMARY KEY (`id`)
) ENGINE=MyISAM DEFAULT CHARSET=utf8;
/*!40101 SET character_set_client = @saved_cs_client */;

--
-- Dumping data for table `cheungssh_main_conf`
--

LOCK TABLES `cheungssh_main_conf` WRITE;
/*!40000 ALTER TABLE `cheungssh_main_conf` DISABLE KEYS */;
/*!40000 ALTER TABLE `cheungssh_main_conf` ENABLE KEYS */;
UNLOCK TABLES;

--
-- Table structure for table `cheungssh_serverconf`
--

DROP TABLE IF EXISTS `cheungssh_serverconf`;
/*!40101 SET @saved_cs_client     = @@character_set_client */;
/*!40101 SET character_set_client = utf8 */;
CREATE TABLE `cheungssh_serverconf` (
  `id` int(11) NOT NULL AUTO_INCREMENT,
  `IP` varchar(200) NOT NULL,
  `Port` int(11) NOT NULL,
  `Group` varchar(200) NOT NULL,
  `Username` varchar(200) NOT NULL,
  `Password` varchar(128) NOT NULL,
  `KeyFile` varchar(100) DEFAULT NULL,
  `Sudo` varchar(1) NOT NULL,
  `SudoPassword` varchar(2000) DEFAULT NULL,
  `Su` varchar(1) NOT NULL,
  `SuPassword` varchar(2000) NOT NULL,
  `LoginMethod` varchar(10) NOT NULL,
  `Hostname` varchar(30) DEFAULT NULL,
  PRIMARY KEY (`id`)
) ENGINE=MyISAM AUTO_INCREMENT=13 DEFAULT CHARSET=utf8;
/*!40101 SET character_set_client = @saved_cs_client */;

--
-- Dumping data for table `cheungssh_serverconf`
--

LOCK TABLES `cheungssh_serverconf` WRITE;
/*!40000 ALTER TABLE `cheungssh_serverconf` DISABLE KEYS */;
INSERT INTO `cheungssh_serverconf` VALUES (1,'localhost',22,'localhost-test','bin','zaq1ZAQ!','keyfile/工作任务.txt','N','111111','N','111111','PASSWORD','localhost.com'),(2,'test.com',12345,'other-test','test','test','keyfile/工作任务_1.txt','Y','111111','Y','111','KEY',NULL),(3,'www.baidu.com',88,'web-server','admin','123admin','keyfile/disk-io.log','N','000000','N','000000','PASSWORD',NULL),(4,'test.com',333,'web-server','test','admin','keyfile/serverinfo.cgi','Y','111','N','1111','PASSWORD',NULL),(5,'9.9.9.9',55,'web-server','a','a','N','N','','N','N','PASSWORD','test-abc.com'),(6,'3.3.3.3',25689,'fuck','admin000','fuckadmin','N','N','111','N','N','KEY','www.google.com.hk'),(7,'9.9.9.9',22,'test','administrator','test','N','N','test','N','N','PASSWORD','haha.com'),(8,'10.0.0.1',998,'test','root','admin','N','N','aaa','N','N','PASSWORD','test-a.com'),(9,'2.2.2.2',56,'db','root','zhang','N','N','zhang','N','N','PASSWORD','test-b.com'),(10,'6.6.6..6',22,'guangzhou','root','root','N','N','r','N','rr','PASSWORD','test-d.com'),(11,'61.152.104.140',22,'aaaa','bin','zaq1ZAQ!','N','N','111','Y','N','PASSWORD','aaa'),(12,'127.0.0.1',22,'888888888','bin','zaq1ZAQ!','N','N','','N','N','PASSWORD','ok');
/*!40000 ALTER TABLE `cheungssh_serverconf` ENABLE KEYS */;
UNLOCK TABLES;

--
-- Table structure for table `cheungssh_serverinfo`
--

DROP TABLE IF EXISTS `cheungssh_serverinfo`;
/*!40101 SET @saved_cs_client     = @@character_set_client */;
/*!40101 SET character_set_client = utf8 */;
CREATE TABLE `cheungssh_serverinfo` (
  `id` int(11) NOT NULL AUTO_INCREMENT,
  `IP_id` int(11) NOT NULL,
  `Position` longtext,
  `Description` longtext,
  `CPU` varchar(20) DEFAULT NULL,
  `CPU_process_must` varchar(10) DEFAULT NULL,
  `MEM_process_must` varchar(10) DEFAULT NULL,
  `Use_CPU` varchar(20) DEFAULT NULL,
  `uSE_MEM` varchar(20) DEFAULT NULL,
  `MEM` varchar(20) DEFAULT NULL,
  `IO` varchar(200) DEFAULT NULL,
  `Platform` varchar(200) NOT NULL,
  `System` varchar(200) NOT NULL,
  `InBankWidth` int(11) DEFAULT NULL,
  `OutBankWidth` int(11) DEFAULT NULL,
  `CurrentUser` int(11) DEFAULT NULL,
  PRIMARY KEY (`id`),
  UNIQUE KEY `IP_id` (`IP_id`)
) ENGINE=MyISAM DEFAULT CHARSET=utf8;
/*!40101 SET character_set_client = @saved_cs_client */;

--
-- Dumping data for table `cheungssh_serverinfo`
--

LOCK TABLES `cheungssh_serverinfo` WRITE;
/*!40000 ALTER TABLE `cheungssh_serverinfo` DISABLE KEYS */;
/*!40000 ALTER TABLE `cheungssh_serverinfo` ENABLE KEYS */;
UNLOCK TABLES;

--
-- Table structure for table `django_admin_log`
--

DROP TABLE IF EXISTS `django_admin_log`;
/*!40101 SET @saved_cs_client     = @@character_set_client */;
/*!40101 SET character_set_client = utf8 */;
CREATE TABLE `django_admin_log` (
  `id` int(11) NOT NULL AUTO_INCREMENT,
  `action_time` datetime NOT NULL,
  `user_id` int(11) NOT NULL,
  `content_type_id` int(11) DEFAULT NULL,
  `object_id` longtext,
  `object_repr` varchar(200) NOT NULL,
  `action_flag` smallint(5) unsigned NOT NULL,
  `change_message` longtext NOT NULL,
  PRIMARY KEY (`id`),
  KEY `django_admin_log_fbfc09f1` (`user_id`),
  KEY `django_admin_log_e4470c6e` (`content_type_id`)
) ENGINE=MyISAM AUTO_INCREMENT=9 DEFAULT CHARSET=utf8;
/*!40101 SET character_set_client = @saved_cs_client */;

--
-- Dumping data for table `django_admin_log`
--

LOCK TABLES `django_admin_log` WRITE;
/*!40000 ALTER TABLE `django_admin_log` DISABLE KEYS */;
INSERT INTO `django_admin_log` VALUES (1,'2015-09-15 07:54:12',1,7,'6','3.3.3.3',2,'已修改 Username 。'),(2,'2015-09-18 08:10:43',1,7,'7','9.9.9.9',1,''),(3,'2015-09-18 08:11:07',1,7,'8','10.0.0.1',1,''),(4,'2015-09-18 08:11:36',1,7,'9','2.2.2.2',1,''),(5,'2015-09-18 08:15:43',1,7,'10','6.6.6..6',1,''),(6,'2015-09-18 08:51:58',1,7,'1','localhost',2,'已修改 HostName，Username 和 Password 。'),(7,'2015-10-01 08:07:19',1,7,'11','61.152.104.140',1,''),(8,'2015-10-01 09:11:53',1,7,'12','127.0.0.1',1,'');
/*!40000 ALTER TABLE `django_admin_log` ENABLE KEYS */;
UNLOCK TABLES;

--
-- Table structure for table `django_comment_flags`
--

DROP TABLE IF EXISTS `django_comment_flags`;
/*!40101 SET @saved_cs_client     = @@character_set_client */;
/*!40101 SET character_set_client = utf8 */;
CREATE TABLE `django_comment_flags` (
  `id` int(11) NOT NULL AUTO_INCREMENT,
  `user_id` int(11) NOT NULL,
  `comment_id` int(11) NOT NULL,
  `flag` varchar(30) NOT NULL,
  `flag_date` datetime NOT NULL,
  PRIMARY KEY (`id`),
  UNIQUE KEY `user_id` (`user_id`,`comment_id`,`flag`),
  KEY `django_comment_flags_fbfc09f1` (`user_id`),
  KEY `django_comment_flags_9b3dc754` (`comment_id`),
  KEY `django_comment_flags_111c90f9` (`flag`)
) ENGINE=MyISAM DEFAULT CHARSET=utf8;
/*!40101 SET character_set_client = @saved_cs_client */;

--
-- Dumping data for table `django_comment_flags`
--

LOCK TABLES `django_comment_flags` WRITE;
/*!40000 ALTER TABLE `django_comment_flags` DISABLE KEYS */;
/*!40000 ALTER TABLE `django_comment_flags` ENABLE KEYS */;
UNLOCK TABLES;

--
-- Table structure for table `django_comments`
--

DROP TABLE IF EXISTS `django_comments`;
/*!40101 SET @saved_cs_client     = @@character_set_client */;
/*!40101 SET character_set_client = utf8 */;
CREATE TABLE `django_comments` (
  `id` int(11) NOT NULL AUTO_INCREMENT,
  `content_type_id` int(11) NOT NULL,
  `object_pk` longtext NOT NULL,
  `site_id` int(11) NOT NULL,
  `user_id` int(11) DEFAULT NULL,
  `user_name` varchar(50) NOT NULL,
  `user_email` varchar(75) NOT NULL,
  `user_url` varchar(200) NOT NULL,
  `comment` longtext NOT NULL,
  `submit_date` datetime NOT NULL,
  `ip_address` char(15) DEFAULT NULL,
  `is_public` tinyint(1) NOT NULL,
  `is_removed` tinyint(1) NOT NULL,
  PRIMARY KEY (`id`),
  KEY `django_comments_e4470c6e` (`content_type_id`),
  KEY `django_comments_6223029` (`site_id`),
  KEY `django_comments_fbfc09f1` (`user_id`)
) ENGINE=MyISAM DEFAULT CHARSET=utf8;
/*!40101 SET character_set_client = @saved_cs_client */;

--
-- Dumping data for table `django_comments`
--

LOCK TABLES `django_comments` WRITE;
/*!40000 ALTER TABLE `django_comments` DISABLE KEYS */;
/*!40000 ALTER TABLE `django_comments` ENABLE KEYS */;
UNLOCK TABLES;

--
-- Table structure for table `django_content_type`
--

DROP TABLE IF EXISTS `django_content_type`;
/*!40101 SET @saved_cs_client     = @@character_set_client */;
/*!40101 SET character_set_client = utf8 */;
CREATE TABLE `django_content_type` (
  `id` int(11) NOT NULL AUTO_INCREMENT,
  `name` varchar(100) NOT NULL,
  `app_label` varchar(100) NOT NULL,
  `model` varchar(100) NOT NULL,
  PRIMARY KEY (`id`),
  UNIQUE KEY `app_label` (`app_label`,`model`)
) ENGINE=MyISAM AUTO_INCREMENT=13 DEFAULT CHARSET=utf8;
/*!40101 SET character_set_client = @saved_cs_client */;

--
-- Dumping data for table `django_content_type`
--

LOCK TABLES `django_content_type` WRITE;
/*!40000 ALTER TABLE `django_content_type` DISABLE KEYS */;
INSERT INTO `django_content_type` VALUES (1,'permission','auth','permission'),(2,'group','auth','group'),(3,'user','auth','user'),(4,'content type','contenttypes','contenttype'),(5,'session','sessions','session'),(6,'main_ conf','cheungssh','main_conf'),(7,'server conf','cheungssh','serverconf'),(8,'server info','cheungssh','serverinfo'),(9,'comment','comments','comment'),(10,'comment flag','comments','commentflag'),(11,'site','sites','site'),(12,'log entry','admin','logentry');
/*!40000 ALTER TABLE `django_content_type` ENABLE KEYS */;
UNLOCK TABLES;

--
-- Table structure for table `django_session`
--

DROP TABLE IF EXISTS `django_session`;
/*!40101 SET @saved_cs_client     = @@character_set_client */;
/*!40101 SET character_set_client = utf8 */;
CREATE TABLE `django_session` (
  `session_key` varchar(40) NOT NULL,
  `session_data` longtext NOT NULL,
  `expire_date` datetime NOT NULL,
  PRIMARY KEY (`session_key`),
  KEY `django_session_c25c2c28` (`expire_date`)
) ENGINE=MyISAM DEFAULT CHARSET=utf8;
/*!40101 SET character_set_client = @saved_cs_client */;

--
-- Dumping data for table `django_session`
--

LOCK TABLES `django_session` WRITE;
/*!40000 ALTER TABLE `django_session` DISABLE KEYS */;
INSERT INTO `django_session` VALUES ('45878846c169809f1f42b0d8f09e7641','N2I4MGVmZWM3ZGY4N2NjNmRmMWQzODFlYTc1NTQyN2U5ZGNjMjJhNTqAAn1xAVUKdGVzdGNvb2tp\nZXECVQZ3b3JrZWRxA3Mu\n','2015-09-29 05:48:21'),('dd2e82ef3550098c0facc518c2d08d5d','ZWUwZTllMGQ2NDkzYjcxMTVmNWRkZmI1MTg5YjVlOTE3NDQ4Y2NhNzqAAn1xAShVEl9hdXRoX3Vz\nZXJfYmFja2VuZHECVSlkamFuZ28uY29udHJpYi5hdXRoLmJhY2tlbmRzLk1vZGVsQmFja2VuZHED\nVQ1fYXV0aF91c2VyX2lkcQSKAQF1Lg==\n','2015-09-29 02:29:24'),('e8f9a2863d4df45c0792b26c64826d8c','ZmM5YTQzYTc4ZWRhMWUwNTVlMDBiNzQ3NmQxZmMzYTEyYjEwNzRmYjqAAn1xAS4=\n','2015-09-30 01:30:55'),('5e0604e6b73e8fec299ad177f8980914','NjcwY2ZiMzA2MzFkZDZmOGMxNTBlYjA2NGU1MDExYTYzNDBhMWEzODqAAn1xAShVCHVzZXJuYW1l\ncQJYBAAAAHJvb3RxA1USX2F1dGhfdXNlcl9iYWNrZW5kcQRVKWRqYW5nby5jb250cmliLmF1dGgu\nYmFja2VuZHMuTW9kZWxCYWNrZW5kcQVVDV9hdXRoX3VzZXJfaWRxBooBAXUu\n','2015-10-02 06:36:30'),('6c258be6869d0082eb9a7772097d5461','NjcwY2ZiMzA2MzFkZDZmOGMxNTBlYjA2NGU1MDExYTYzNDBhMWEzODqAAn1xAShVCHVzZXJuYW1l\ncQJYBAAAAHJvb3RxA1USX2F1dGhfdXNlcl9iYWNrZW5kcQRVKWRqYW5nby5jb250cmliLmF1dGgu\nYmFja2VuZHMuTW9kZWxCYWNrZW5kcQVVDV9hdXRoX3VzZXJfaWRxBooBAXUu\n','2015-09-29 08:46:43'),('f0af0e4733fb6100c51a168aa92bd01a','ZWUwZTllMGQ2NDkzYjcxMTVmNWRkZmI1MTg5YjVlOTE3NDQ4Y2NhNzqAAn1xAShVEl9hdXRoX3Vz\nZXJfYmFja2VuZHECVSlkamFuZ28uY29udHJpYi5hdXRoLmJhY2tlbmRzLk1vZGVsQmFja2VuZHED\nVQ1fYXV0aF91c2VyX2lkcQSKAQF1Lg==\n','2015-09-29 05:48:55'),('73507278e0dd8a405c65bf7d38f05acf','ZWUwZTllMGQ2NDkzYjcxMTVmNWRkZmI1MTg5YjVlOTE3NDQ4Y2NhNzqAAn1xAShVEl9hdXRoX3Vz\nZXJfYmFja2VuZHECVSlkamFuZ28uY29udHJpYi5hdXRoLmJhY2tlbmRzLk1vZGVsQmFja2VuZHED\nVQ1fYXV0aF91c2VyX2lkcQSKAQF1Lg==\n','2015-10-02 06:21:58'),('a26c283f641d98c8ec837ce0bd32f7f1','NjcwY2ZiMzA2MzFkZDZmOGMxNTBlYjA2NGU1MDExYTYzNDBhMWEzODqAAn1xAShVCHVzZXJuYW1l\ncQJYBAAAAHJvb3RxA1USX2F1dGhfdXNlcl9iYWNrZW5kcQRVKWRqYW5nby5jb250cmliLmF1dGgu\nYmFja2VuZHMuTW9kZWxCYWNrZW5kcQVVDV9hdXRoX3VzZXJfaWRxBooBAXUu\n','2015-10-05 05:57:48'),('9ecc3ddb5e739009d735d506e11040bf','NjcwY2ZiMzA2MzFkZDZmOGMxNTBlYjA2NGU1MDExYTYzNDBhMWEzODqAAn1xAShVCHVzZXJuYW1l\ncQJYBAAAAHJvb3RxA1USX2F1dGhfdXNlcl9iYWNrZW5kcQRVKWRqYW5nby5jb250cmliLmF1dGgu\nYmFja2VuZHMuTW9kZWxCYWNrZW5kcQVVDV9hdXRoX3VzZXJfaWRxBooBAXUu\n','2015-10-02 06:37:53'),('38aaf69bb624c4e969892d7c51b1ba76','NjcwY2ZiMzA2MzFkZDZmOGMxNTBlYjA2NGU1MDExYTYzNDBhMWEzODqAAn1xAShVCHVzZXJuYW1l\ncQJYBAAAAHJvb3RxA1USX2F1dGhfdXNlcl9iYWNrZW5kcQRVKWRqYW5nby5jb250cmliLmF1dGgu\nYmFja2VuZHMuTW9kZWxCYWNrZW5kcQVVDV9hdXRoX3VzZXJfaWRxBooBAXUu\n','2015-10-02 06:38:00'),('79fc30ee6018b7a27cd9a6c4d1238f9e','NjcwY2ZiMzA2MzFkZDZmOGMxNTBlYjA2NGU1MDExYTYzNDBhMWEzODqAAn1xAShVCHVzZXJuYW1l\ncQJYBAAAAHJvb3RxA1USX2F1dGhfdXNlcl9iYWNrZW5kcQRVKWRqYW5nby5jb250cmliLmF1dGgu\nYmFja2VuZHMuTW9kZWxCYWNrZW5kcQVVDV9hdXRoX3VzZXJfaWRxBooBAXUu\n','2015-10-02 06:38:14'),('59d70d2fad37d368befde3e2229cc15e','NjcwY2ZiMzA2MzFkZDZmOGMxNTBlYjA2NGU1MDExYTYzNDBhMWEzODqAAn1xAShVCHVzZXJuYW1l\ncQJYBAAAAHJvb3RxA1USX2F1dGhfdXNlcl9iYWNrZW5kcQRVKWRqYW5nby5jb250cmliLmF1dGgu\nYmFja2VuZHMuTW9kZWxCYWNrZW5kcQVVDV9hdXRoX3VzZXJfaWRxBooBAXUu\n','2015-10-02 06:38:15'),('a9bca295d60fe696102c2814c10d7c02','NjcwY2ZiMzA2MzFkZDZmOGMxNTBlYjA2NGU1MDExYTYzNDBhMWEzODqAAn1xAShVCHVzZXJuYW1l\ncQJYBAAAAHJvb3RxA1USX2F1dGhfdXNlcl9iYWNrZW5kcQRVKWRqYW5nby5jb250cmliLmF1dGgu\nYmFja2VuZHMuTW9kZWxCYWNrZW5kcQVVDV9hdXRoX3VzZXJfaWRxBooBAXUu\n','2015-10-02 06:39:03'),('6764bf75d3c7887fb3d3445ba3f623a9','NjcwY2ZiMzA2MzFkZDZmOGMxNTBlYjA2NGU1MDExYTYzNDBhMWEzODqAAn1xAShVCHVzZXJuYW1l\ncQJYBAAAAHJvb3RxA1USX2F1dGhfdXNlcl9iYWNrZW5kcQRVKWRqYW5nby5jb250cmliLmF1dGgu\nYmFja2VuZHMuTW9kZWxCYWNrZW5kcQVVDV9hdXRoX3VzZXJfaWRxBooBAXUu\n','2015-10-02 06:45:15'),('67a39ddf4aae926ac5c34ad19445e077','NjcwY2ZiMzA2MzFkZDZmOGMxNTBlYjA2NGU1MDExYTYzNDBhMWEzODqAAn1xAShVCHVzZXJuYW1l\ncQJYBAAAAHJvb3RxA1USX2F1dGhfdXNlcl9iYWNrZW5kcQRVKWRqYW5nby5jb250cmliLmF1dGgu\nYmFja2VuZHMuTW9kZWxCYWNrZW5kcQVVDV9hdXRoX3VzZXJfaWRxBooBAXUu\n','2015-10-02 08:52:41'),('f53f897d569c658b198f4835ad0fd2c4','NjcwY2ZiMzA2MzFkZDZmOGMxNTBlYjA2NGU1MDExYTYzNDBhMWEzODqAAn1xAShVCHVzZXJuYW1l\ncQJYBAAAAHJvb3RxA1USX2F1dGhfdXNlcl9iYWNrZW5kcQRVKWRqYW5nby5jb250cmliLmF1dGgu\nYmFja2VuZHMuTW9kZWxCYWNrZW5kcQVVDV9hdXRoX3VzZXJfaWRxBooBAXUu\n','2015-10-02 09:54:10'),('59ae90c7a599c6406f49804b8b909beb','NjcwY2ZiMzA2MzFkZDZmOGMxNTBlYjA2NGU1MDExYTYzNDBhMWEzODqAAn1xAShVCHVzZXJuYW1l\ncQJYBAAAAHJvb3RxA1USX2F1dGhfdXNlcl9iYWNrZW5kcQRVKWRqYW5nby5jb250cmliLmF1dGgu\nYmFja2VuZHMuTW9kZWxCYWNrZW5kcQVVDV9hdXRoX3VzZXJfaWRxBooBAXUu\n','2015-10-02 09:55:03'),('bb0f9164cd21ee9b55f685a00575b877','NjcwY2ZiMzA2MzFkZDZmOGMxNTBlYjA2NGU1MDExYTYzNDBhMWEzODqAAn1xAShVCHVzZXJuYW1l\ncQJYBAAAAHJvb3RxA1USX2F1dGhfdXNlcl9iYWNrZW5kcQRVKWRqYW5nby5jb250cmliLmF1dGgu\nYmFja2VuZHMuTW9kZWxCYWNrZW5kcQVVDV9hdXRoX3VzZXJfaWRxBooBAXUu\n','2015-10-02 09:58:39'),('acb5d73c98408e97c7555f5656d7d545','NjcwY2ZiMzA2MzFkZDZmOGMxNTBlYjA2NGU1MDExYTYzNDBhMWEzODqAAn1xAShVCHVzZXJuYW1l\ncQJYBAAAAHJvb3RxA1USX2F1dGhfdXNlcl9iYWNrZW5kcQRVKWRqYW5nby5jb250cmliLmF1dGgu\nYmFja2VuZHMuTW9kZWxCYWNrZW5kcQVVDV9hdXRoX3VzZXJfaWRxBooBAXUu\n','2015-10-02 10:03:24'),('d56de615722fbbf2228f9a9ebf89bee2','NjcwY2ZiMzA2MzFkZDZmOGMxNTBlYjA2NGU1MDExYTYzNDBhMWEzODqAAn1xAShVCHVzZXJuYW1l\ncQJYBAAAAHJvb3RxA1USX2F1dGhfdXNlcl9iYWNrZW5kcQRVKWRqYW5nby5jb250cmliLmF1dGgu\nYmFja2VuZHMuTW9kZWxCYWNrZW5kcQVVDV9hdXRoX3VzZXJfaWRxBooBAXUu\n','2015-10-02 10:03:24'),('ae33cfa2328452704b2a8f14d4a74fd0','NjcwY2ZiMzA2MzFkZDZmOGMxNTBlYjA2NGU1MDExYTYzNDBhMWEzODqAAn1xAShVCHVzZXJuYW1l\ncQJYBAAAAHJvb3RxA1USX2F1dGhfdXNlcl9iYWNrZW5kcQRVKWRqYW5nby5jb250cmliLmF1dGgu\nYmFja2VuZHMuTW9kZWxCYWNrZW5kcQVVDV9hdXRoX3VzZXJfaWRxBooBAXUu\n','2015-10-02 10:04:02'),('ec36d358957636cc3b72dc1d2185d4f0','NjcwY2ZiMzA2MzFkZDZmOGMxNTBlYjA2NGU1MDExYTYzNDBhMWEzODqAAn1xAShVCHVzZXJuYW1l\ncQJYBAAAAHJvb3RxA1USX2F1dGhfdXNlcl9iYWNrZW5kcQRVKWRqYW5nby5jb250cmliLmF1dGgu\nYmFja2VuZHMuTW9kZWxCYWNrZW5kcQVVDV9hdXRoX3VzZXJfaWRxBooBAXUu\n','2015-10-02 12:01:19'),('5cf207a7da9d59d81b8cf0a9c0d73b83','ZWUwZTllMGQ2NDkzYjcxMTVmNWRkZmI1MTg5YjVlOTE3NDQ4Y2NhNzqAAn1xAShVEl9hdXRoX3Vz\nZXJfYmFja2VuZHECVSlkamFuZ28uY29udHJpYi5hdXRoLmJhY2tlbmRzLk1vZGVsQmFja2VuZHED\nVQ1fYXV0aF91c2VyX2lkcQSKAQF1Lg==\n','2015-10-02 10:05:01'),('1f54395ba49bc1afb14f9df43cf3822a','NjcwY2ZiMzA2MzFkZDZmOGMxNTBlYjA2NGU1MDExYTYzNDBhMWEzODqAAn1xAShVCHVzZXJuYW1l\ncQJYBAAAAHJvb3RxA1USX2F1dGhfdXNlcl9iYWNrZW5kcQRVKWRqYW5nby5jb250cmliLmF1dGgu\nYmFja2VuZHMuTW9kZWxCYWNrZW5kcQVVDV9hdXRoX3VzZXJfaWRxBooBAXUu\n','2015-10-03 02:26:56'),('d6a191d219c5c2afd8c117e3f7aa652c','NjcwY2ZiMzA2MzFkZDZmOGMxNTBlYjA2NGU1MDExYTYzNDBhMWEzODqAAn1xAShVCHVzZXJuYW1l\ncQJYBAAAAHJvb3RxA1USX2F1dGhfdXNlcl9iYWNrZW5kcQRVKWRqYW5nby5jb250cmliLmF1dGgu\nYmFja2VuZHMuTW9kZWxCYWNrZW5kcQVVDV9hdXRoX3VzZXJfaWRxBooBAXUu\n','2015-10-03 02:44:53'),('dc968ce8d3a17bc1e513b0c6c27bfbb3','NjcwY2ZiMzA2MzFkZDZmOGMxNTBlYjA2NGU1MDExYTYzNDBhMWEzODqAAn1xAShVCHVzZXJuYW1l\ncQJYBAAAAHJvb3RxA1USX2F1dGhfdXNlcl9iYWNrZW5kcQRVKWRqYW5nby5jb250cmliLmF1dGgu\nYmFja2VuZHMuTW9kZWxCYWNrZW5kcQVVDV9hdXRoX3VzZXJfaWRxBooBAXUu\n','2015-10-03 07:48:16'),('7c411eb735eb6308df85e68f87d9cd69','NjcwY2ZiMzA2MzFkZDZmOGMxNTBlYjA2NGU1MDExYTYzNDBhMWEzODqAAn1xAShVCHVzZXJuYW1l\ncQJYBAAAAHJvb3RxA1USX2F1dGhfdXNlcl9iYWNrZW5kcQRVKWRqYW5nby5jb250cmliLmF1dGgu\nYmFja2VuZHMuTW9kZWxCYWNrZW5kcQVVDV9hdXRoX3VzZXJfaWRxBooBAXUu\n','2015-10-04 00:54:19'),('c34d7c0f60fd026312a9c1c2601827a7','ZWUwZTllMGQ2NDkzYjcxMTVmNWRkZmI1MTg5YjVlOTE3NDQ4Y2NhNzqAAn1xAShVEl9hdXRoX3Vz\nZXJfYmFja2VuZHECVSlkamFuZ28uY29udHJpYi5hdXRoLmJhY2tlbmRzLk1vZGVsQmFja2VuZHED\nVQ1fYXV0aF91c2VyX2lkcQSKAQF1Lg==\n','2015-10-03 07:49:12'),('e74c065e217f1293137d3b66f6d986e7','NjcwY2ZiMzA2MzFkZDZmOGMxNTBlYjA2NGU1MDExYTYzNDBhMWEzODqAAn1xAShVCHVzZXJuYW1l\ncQJYBAAAAHJvb3RxA1USX2F1dGhfdXNlcl9iYWNrZW5kcQRVKWRqYW5nby5jb250cmliLmF1dGgu\nYmFja2VuZHMuTW9kZWxCYWNrZW5kcQVVDV9hdXRoX3VzZXJfaWRxBooBAXUu\n','2015-10-04 10:08:57'),('1c1cc85d810d9ebde16c584069c93073','NjcwY2ZiMzA2MzFkZDZmOGMxNTBlYjA2NGU1MDExYTYzNDBhMWEzODqAAn1xAShVCHVzZXJuYW1l\ncQJYBAAAAHJvb3RxA1USX2F1dGhfdXNlcl9iYWNrZW5kcQRVKWRqYW5nby5jb250cmliLmF1dGgu\nYmFja2VuZHMuTW9kZWxCYWNrZW5kcQVVDV9hdXRoX3VzZXJfaWRxBooBAXUu\n','2015-10-04 10:11:20'),('6fdfa0fa30beb83dbce33c01a2eb4a92','NjcwY2ZiMzA2MzFkZDZmOGMxNTBlYjA2NGU1MDExYTYzNDBhMWEzODqAAn1xAShVCHVzZXJuYW1l\ncQJYBAAAAHJvb3RxA1USX2F1dGhfdXNlcl9iYWNrZW5kcQRVKWRqYW5nby5jb250cmliLmF1dGgu\nYmFja2VuZHMuTW9kZWxCYWNrZW5kcQVVDV9hdXRoX3VzZXJfaWRxBooBAXUu\n','2015-10-04 14:56:04'),('d5001d360d4b4bdb3d8ff05f8b74a4c9','NjcwY2ZiMzA2MzFkZDZmOGMxNTBlYjA2NGU1MDExYTYzNDBhMWEzODqAAn1xAShVCHVzZXJuYW1l\ncQJYBAAAAHJvb3RxA1USX2F1dGhfdXNlcl9iYWNrZW5kcQRVKWRqYW5nby5jb250cmliLmF1dGgu\nYmFja2VuZHMuTW9kZWxCYWNrZW5kcQVVDV9hdXRoX3VzZXJfaWRxBooBAXUu\n','2015-10-05 03:18:23'),('8d91c861084925fc44e70ce92bc92084','ZWUwZTllMGQ2NDkzYjcxMTVmNWRkZmI1MTg5YjVlOTE3NDQ4Y2NhNzqAAn1xAShVEl9hdXRoX3Vz\nZXJfYmFja2VuZHECVSlkamFuZ28uY29udHJpYi5hdXRoLmJhY2tlbmRzLk1vZGVsQmFja2VuZHED\nVQ1fYXV0aF91c2VyX2lkcQSKAQF1Lg==\n','2015-10-04 14:57:49'),('4156a486e5089cd1ca612e16100a9406','NjcwY2ZiMzA2MzFkZDZmOGMxNTBlYjA2NGU1MDExYTYzNDBhMWEzODqAAn1xAShVCHVzZXJuYW1l\ncQJYBAAAAHJvb3RxA1USX2F1dGhfdXNlcl9iYWNrZW5kcQRVKWRqYW5nby5jb250cmliLmF1dGgu\nYmFja2VuZHMuTW9kZWxCYWNrZW5kcQVVDV9hdXRoX3VzZXJfaWRxBooBAXUu\n','2015-10-05 03:22:46'),('e65e6c18c9b5ee4fd3b067dfddf77e63','ZWUwZTllMGQ2NDkzYjcxMTVmNWRkZmI1MTg5YjVlOTE3NDQ4Y2NhNzqAAn1xAShVEl9hdXRoX3Vz\nZXJfYmFja2VuZHECVSlkamFuZ28uY29udHJpYi5hdXRoLmJhY2tlbmRzLk1vZGVsQmFja2VuZHED\nVQ1fYXV0aF91c2VyX2lkcQSKAQF1Lg==\n','2015-10-05 05:57:38'),('0ef7021914835f165d4c48ead9360e96','NjcwY2ZiMzA2MzFkZDZmOGMxNTBlYjA2NGU1MDExYTYzNDBhMWEzODqAAn1xAShVCHVzZXJuYW1l\ncQJYBAAAAHJvb3RxA1USX2F1dGhfdXNlcl9iYWNrZW5kcQRVKWRqYW5nby5jb250cmliLmF1dGgu\nYmFja2VuZHMuTW9kZWxCYWNrZW5kcQVVDV9hdXRoX3VzZXJfaWRxBooBAXUu\n','2015-10-05 10:30:28'),('9b4225b51f32c83e04eeb356b4ae00db','NjcwY2ZiMzA2MzFkZDZmOGMxNTBlYjA2NGU1MDExYTYzNDBhMWEzODqAAn1xAShVCHVzZXJuYW1l\ncQJYBAAAAHJvb3RxA1USX2F1dGhfdXNlcl9iYWNrZW5kcQRVKWRqYW5nby5jb250cmliLmF1dGgu\nYmFja2VuZHMuTW9kZWxCYWNrZW5kcQVVDV9hdXRoX3VzZXJfaWRxBooBAXUu\n','2015-10-05 11:42:32'),('560582c0dcd0e11712dd791232bcce29','NjcwY2ZiMzA2MzFkZDZmOGMxNTBlYjA2NGU1MDExYTYzNDBhMWEzODqAAn1xAShVCHVzZXJuYW1l\ncQJYBAAAAHJvb3RxA1USX2F1dGhfdXNlcl9iYWNrZW5kcQRVKWRqYW5nby5jb250cmliLmF1dGgu\nYmFja2VuZHMuTW9kZWxCYWNrZW5kcQVVDV9hdXRoX3VzZXJfaWRxBooBAXUu\n','2015-10-05 12:53:20'),('18c0cb9b92b59dbb3842da970b4150a4','ZWUwZTllMGQ2NDkzYjcxMTVmNWRkZmI1MTg5YjVlOTE3NDQ4Y2NhNzqAAn1xAShVEl9hdXRoX3Vz\nZXJfYmFja2VuZHECVSlkamFuZ28uY29udHJpYi5hdXRoLmJhY2tlbmRzLk1vZGVsQmFja2VuZHED\nVQ1fYXV0aF91c2VyX2lkcQSKAQF1Lg==\n','2015-10-05 12:05:14'),('76e7fd27f684a8aa6dfe6c54b1f6725e','NjcwY2ZiMzA2MzFkZDZmOGMxNTBlYjA2NGU1MDExYTYzNDBhMWEzODqAAn1xAShVCHVzZXJuYW1l\ncQJYBAAAAHJvb3RxA1USX2F1dGhfdXNlcl9iYWNrZW5kcQRVKWRqYW5nby5jb250cmliLmF1dGgu\nYmFja2VuZHMuTW9kZWxCYWNrZW5kcQVVDV9hdXRoX3VzZXJfaWRxBooBAXUu\n','2015-10-06 09:57:17'),('7f22bde263279799851c594ff58e62c0','NjcwY2ZiMzA2MzFkZDZmOGMxNTBlYjA2NGU1MDExYTYzNDBhMWEzODqAAn1xAShVCHVzZXJuYW1l\ncQJYBAAAAHJvb3RxA1USX2F1dGhfdXNlcl9iYWNrZW5kcQRVKWRqYW5nby5jb250cmliLmF1dGgu\nYmFja2VuZHMuTW9kZWxCYWNrZW5kcQVVDV9hdXRoX3VzZXJfaWRxBooBAXUu\n','2015-10-07 08:58:41'),('9dc403a96b9179d9c16995c14e53c8e3','NjcwY2ZiMzA2MzFkZDZmOGMxNTBlYjA2NGU1MDExYTYzNDBhMWEzODqAAn1xAShVCHVzZXJuYW1l\ncQJYBAAAAHJvb3RxA1USX2F1dGhfdXNlcl9iYWNrZW5kcQRVKWRqYW5nby5jb250cmliLmF1dGgu\nYmFja2VuZHMuTW9kZWxCYWNrZW5kcQVVDV9hdXRoX3VzZXJfaWRxBooBAXUu\n','2015-10-07 15:16:25'),('e12eb17fb4fce5955308ddaa9b1d0c0d','NjcwY2ZiMzA2MzFkZDZmOGMxNTBlYjA2NGU1MDExYTYzNDBhMWEzODqAAn1xAShVCHVzZXJuYW1l\ncQJYBAAAAHJvb3RxA1USX2F1dGhfdXNlcl9iYWNrZW5kcQRVKWRqYW5nby5jb250cmliLmF1dGgu\nYmFja2VuZHMuTW9kZWxCYWNrZW5kcQVVDV9hdXRoX3VzZXJfaWRxBooBAXUu\n','2015-10-08 03:04:06'),('2d5bbb823fd5f06edce9ed033164ca19','ZWUwZTllMGQ2NDkzYjcxMTVmNWRkZmI1MTg5YjVlOTE3NDQ4Y2NhNzqAAn1xAShVEl9hdXRoX3Vz\nZXJfYmFja2VuZHECVSlkamFuZ28uY29udHJpYi5hdXRoLmJhY2tlbmRzLk1vZGVsQmFja2VuZHED\nVQ1fYXV0aF91c2VyX2lkcQSKAQF1Lg==\n','2015-10-07 15:17:27'),('f828f370532a8ec9091f0f3dd97c44bd','NjcwY2ZiMzA2MzFkZDZmOGMxNTBlYjA2NGU1MDExYTYzNDBhMWEzODqAAn1xAShVCHVzZXJuYW1l\ncQJYBAAAAHJvb3RxA1USX2F1dGhfdXNlcl9iYWNrZW5kcQRVKWRqYW5nby5jb250cmliLmF1dGgu\nYmFja2VuZHMuTW9kZWxCYWNrZW5kcQVVDV9hdXRoX3VzZXJfaWRxBooBAXUu\n','2015-10-08 11:16:59'),('3097a326d5f156866a81f656da787a93','NjcwY2ZiMzA2MzFkZDZmOGMxNTBlYjA2NGU1MDExYTYzNDBhMWEzODqAAn1xAShVCHVzZXJuYW1l\ncQJYBAAAAHJvb3RxA1USX2F1dGhfdXNlcl9iYWNrZW5kcQRVKWRqYW5nby5jb250cmliLmF1dGgu\nYmFja2VuZHMuTW9kZWxCYWNrZW5kcQVVDV9hdXRoX3VzZXJfaWRxBooBAXUu\n','2015-10-09 02:55:30'),('ad087fa635194977814ba2c8a9c45468','NjcwY2ZiMzA2MzFkZDZmOGMxNTBlYjA2NGU1MDExYTYzNDBhMWEzODqAAn1xAShVCHVzZXJuYW1l\ncQJYBAAAAHJvb3RxA1USX2F1dGhfdXNlcl9iYWNrZW5kcQRVKWRqYW5nby5jb250cmliLmF1dGgu\nYmFja2VuZHMuTW9kZWxCYWNrZW5kcQVVDV9hdXRoX3VzZXJfaWRxBooBAXUu\n','2015-10-09 12:01:53'),('8bd068028e08ec43f4347ae460a33e47','NjcwY2ZiMzA2MzFkZDZmOGMxNTBlYjA2NGU1MDExYTYzNDBhMWEzODqAAn1xAShVCHVzZXJuYW1l\ncQJYBAAAAHJvb3RxA1USX2F1dGhfdXNlcl9iYWNrZW5kcQRVKWRqYW5nby5jb250cmliLmF1dGgu\nYmFja2VuZHMuTW9kZWxCYWNrZW5kcQVVDV9hdXRoX3VzZXJfaWRxBooBAXUu\n','2015-10-09 12:11:55'),('2428e67b9ee9472c8bcf70a1c497b5a4','ZWUwZTllMGQ2NDkzYjcxMTVmNWRkZmI1MTg5YjVlOTE3NDQ4Y2NhNzqAAn1xAShVEl9hdXRoX3Vz\nZXJfYmFja2VuZHECVSlkamFuZ28uY29udHJpYi5hdXRoLmJhY2tlbmRzLk1vZGVsQmFja2VuZHED\nVQ1fYXV0aF91c2VyX2lkcQSKAQF1Lg==\n','2015-10-09 12:11:31'),('92597b98189843ae3e450cd74936da49','NjcwY2ZiMzA2MzFkZDZmOGMxNTBlYjA2NGU1MDExYTYzNDBhMWEzODqAAn1xAShVCHVzZXJuYW1l\ncQJYBAAAAHJvb3RxA1USX2F1dGhfdXNlcl9iYWNrZW5kcQRVKWRqYW5nby5jb250cmliLmF1dGgu\nYmFja2VuZHMuTW9kZWxCYWNrZW5kcQVVDV9hdXRoX3VzZXJfaWRxBooBAXUu\n','2015-10-09 14:27:33'),('31cf8be43931bd7cbbc6474b9b9c25db','NjcwY2ZiMzA2MzFkZDZmOGMxNTBlYjA2NGU1MDExYTYzNDBhMWEzODqAAn1xAShVCHVzZXJuYW1l\ncQJYBAAAAHJvb3RxA1USX2F1dGhfdXNlcl9iYWNrZW5kcQRVKWRqYW5nby5jb250cmliLmF1dGgu\nYmFja2VuZHMuTW9kZWxCYWNrZW5kcQVVDV9hdXRoX3VzZXJfaWRxBooBAXUu\n','2015-10-10 07:08:01'),('56ec44d1651b415679f37b74ce3ba6c1','NjcwY2ZiMzA2MzFkZDZmOGMxNTBlYjA2NGU1MDExYTYzNDBhMWEzODqAAn1xAShVCHVzZXJuYW1l\ncQJYBAAAAHJvb3RxA1USX2F1dGhfdXNlcl9iYWNrZW5kcQRVKWRqYW5nby5jb250cmliLmF1dGgu\nYmFja2VuZHMuTW9kZWxCYWNrZW5kcQVVDV9hdXRoX3VzZXJfaWRxBooBAXUu\n','2015-10-15 09:55:25'),('33e10fcecae5bc341e02099c1eb6e270','ZWUwZTllMGQ2NDkzYjcxMTVmNWRkZmI1MTg5YjVlOTE3NDQ4Y2NhNzqAAn1xAShVEl9hdXRoX3Vz\nZXJfYmFja2VuZHECVSlkamFuZ28uY29udHJpYi5hdXRoLmJhY2tlbmRzLk1vZGVsQmFja2VuZHED\nVQ1fYXV0aF91c2VyX2lkcQSKAQF1Lg==\n','2015-10-10 07:08:20'),('e761531a16aebc1d2f077a519f869f09','NjcwY2ZiMzA2MzFkZDZmOGMxNTBlYjA2NGU1MDExYTYzNDBhMWEzODqAAn1xAShVCHVzZXJuYW1l\ncQJYBAAAAHJvb3RxA1USX2F1dGhfdXNlcl9iYWNrZW5kcQRVKWRqYW5nby5jb250cmliLmF1dGgu\nYmFja2VuZHMuTW9kZWxCYWNrZW5kcQVVDV9hdXRoX3VzZXJfaWRxBooBAXUu\n','2015-10-11 02:53:42'),('4bad36b7571bfdb587f655df0df7e211','NjcwY2ZiMzA2MzFkZDZmOGMxNTBlYjA2NGU1MDExYTYzNDBhMWEzODqAAn1xAShVCHVzZXJuYW1l\ncQJYBAAAAHJvb3RxA1USX2F1dGhfdXNlcl9iYWNrZW5kcQRVKWRqYW5nby5jb250cmliLmF1dGgu\nYmFja2VuZHMuTW9kZWxCYWNrZW5kcQVVDV9hdXRoX3VzZXJfaWRxBooBAXUu\n','2015-10-12 06:36:00'),('5f3de85b91df532c0368ed799be4df37','NjcwY2ZiMzA2MzFkZDZmOGMxNTBlYjA2NGU1MDExYTYzNDBhMWEzODqAAn1xAShVCHVzZXJuYW1l\ncQJYBAAAAHJvb3RxA1USX2F1dGhfdXNlcl9iYWNrZW5kcQRVKWRqYW5nby5jb250cmliLmF1dGgu\nYmFja2VuZHMuTW9kZWxCYWNrZW5kcQVVDV9hdXRoX3VzZXJfaWRxBooBAXUu\n','2015-10-12 06:52:28'),('10a8c38ca106785ed11181508ef0a69e','NjcwY2ZiMzA2MzFkZDZmOGMxNTBlYjA2NGU1MDExYTYzNDBhMWEzODqAAn1xAShVCHVzZXJuYW1l\ncQJYBAAAAHJvb3RxA1USX2F1dGhfdXNlcl9iYWNrZW5kcQRVKWRqYW5nby5jb250cmliLmF1dGgu\nYmFja2VuZHMuTW9kZWxCYWNrZW5kcQVVDV9hdXRoX3VzZXJfaWRxBooBAXUu\n','2015-10-12 09:54:53'),('f30ed25d2aef447da11b5223ec54b7a8','NjcwY2ZiMzA2MzFkZDZmOGMxNTBlYjA2NGU1MDExYTYzNDBhMWEzODqAAn1xAShVCHVzZXJuYW1l\ncQJYBAAAAHJvb3RxA1USX2F1dGhfdXNlcl9iYWNrZW5kcQRVKWRqYW5nby5jb250cmliLmF1dGgu\nYmFja2VuZHMuTW9kZWxCYWNrZW5kcQVVDV9hdXRoX3VzZXJfaWRxBooBAXUu\n','2015-10-12 12:42:10'),('45510f62c9666d63c703395827b6b1cf','NjcwY2ZiMzA2MzFkZDZmOGMxNTBlYjA2NGU1MDExYTYzNDBhMWEzODqAAn1xAShVCHVzZXJuYW1l\ncQJYBAAAAHJvb3RxA1USX2F1dGhfdXNlcl9iYWNrZW5kcQRVKWRqYW5nby5jb250cmliLmF1dGgu\nYmFja2VuZHMuTW9kZWxCYWNrZW5kcQVVDV9hdXRoX3VzZXJfaWRxBooBAXUu\n','2015-10-14 07:36:55'),('b535c871bd19bc772b6d1b4179e6d298','NjcwY2ZiMzA2MzFkZDZmOGMxNTBlYjA2NGU1MDExYTYzNDBhMWEzODqAAn1xAShVCHVzZXJuYW1l\ncQJYBAAAAHJvb3RxA1USX2F1dGhfdXNlcl9iYWNrZW5kcQRVKWRqYW5nby5jb250cmliLmF1dGgu\nYmFja2VuZHMuTW9kZWxCYWNrZW5kcQVVDV9hdXRoX3VzZXJfaWRxBooBAXUu\n','2015-10-14 10:17:26'),('a81bc633189aa73be2aeb15ff4821bbb','NjcwY2ZiMzA2MzFkZDZmOGMxNTBlYjA2NGU1MDExYTYzNDBhMWEzODqAAn1xAShVCHVzZXJuYW1l\ncQJYBAAAAHJvb3RxA1USX2F1dGhfdXNlcl9iYWNrZW5kcQRVKWRqYW5nby5jb250cmliLmF1dGgu\nYmFja2VuZHMuTW9kZWxCYWNrZW5kcQVVDV9hdXRoX3VzZXJfaWRxBooBAXUu\n','2015-10-15 02:37:01'),('6522af508fb49a45e1df337c11949b80','NjcwY2ZiMzA2MzFkZDZmOGMxNTBlYjA2NGU1MDExYTYzNDBhMWEzODqAAn1xAShVCHVzZXJuYW1l\ncQJYBAAAAHJvb3RxA1USX2F1dGhfdXNlcl9iYWNrZW5kcQRVKWRqYW5nby5jb250cmliLmF1dGgu\nYmFja2VuZHMuTW9kZWxCYWNrZW5kcQVVDV9hdXRoX3VzZXJfaWRxBooBAXUu\n','2015-10-15 07:57:07'),('90135f3b8e5c5ec08e6b79bab2598e40','ZWUwZTllMGQ2NDkzYjcxMTVmNWRkZmI1MTg5YjVlOTE3NDQ4Y2NhNzqAAn1xAShVEl9hdXRoX3Vz\nZXJfYmFja2VuZHECVSlkamFuZ28uY29udHJpYi5hdXRoLmJhY2tlbmRzLk1vZGVsQmFja2VuZHED\nVQ1fYXV0aF91c2VyX2lkcQSKAQF1Lg==\n','2015-10-15 08:06:41'),('80ab493d15c392ecd41379e102e3f7da','NjcwY2ZiMzA2MzFkZDZmOGMxNTBlYjA2NGU1MDExYTYzNDBhMWEzODqAAn1xAShVCHVzZXJuYW1l\ncQJYBAAAAHJvb3RxA1USX2F1dGhfdXNlcl9iYWNrZW5kcQRVKWRqYW5nby5jb250cmliLmF1dGgu\nYmFja2VuZHMuTW9kZWxCYWNrZW5kcQVVDV9hdXRoX3VzZXJfaWRxBooBAXUu\n','2015-10-16 01:57:34'),('35c68322fcd464deeafda8d70163a8a3','NjcwY2ZiMzA2MzFkZDZmOGMxNTBlYjA2NGU1MDExYTYzNDBhMWEzODqAAn1xAShVCHVzZXJuYW1l\ncQJYBAAAAHJvb3RxA1USX2F1dGhfdXNlcl9iYWNrZW5kcQRVKWRqYW5nby5jb250cmliLmF1dGgu\nYmFja2VuZHMuTW9kZWxCYWNrZW5kcQVVDV9hdXRoX3VzZXJfaWRxBooBAXUu\n','2015-10-16 13:35:14'),('bf96278a48dcbfe6eb21343f00648bdd','NjcwY2ZiMzA2MzFkZDZmOGMxNTBlYjA2NGU1MDExYTYzNDBhMWEzODqAAn1xAShVCHVzZXJuYW1l\ncQJYBAAAAHJvb3RxA1USX2F1dGhfdXNlcl9iYWNrZW5kcQRVKWRqYW5nby5jb250cmliLmF1dGgu\nYmFja2VuZHMuTW9kZWxCYWNrZW5kcQVVDV9hdXRoX3VzZXJfaWRxBooBAXUu\n','2015-10-17 10:11:31'),('b50a16a553573edd5e0a09da1f3ddda7','NjcwY2ZiMzA2MzFkZDZmOGMxNTBlYjA2NGU1MDExYTYzNDBhMWEzODqAAn1xAShVCHVzZXJuYW1l\ncQJYBAAAAHJvb3RxA1USX2F1dGhfdXNlcl9iYWNrZW5kcQRVKWRqYW5nby5jb250cmliLmF1dGgu\nYmFja2VuZHMuTW9kZWxCYWNrZW5kcQVVDV9hdXRoX3VzZXJfaWRxBooBAXUu\n','2015-10-17 15:14:50'),('b0a92ea513a1fdbbaa9f1daa2fb450d2','NjcwY2ZiMzA2MzFkZDZmOGMxNTBlYjA2NGU1MDExYTYzNDBhMWEzODqAAn1xAShVCHVzZXJuYW1l\ncQJYBAAAAHJvb3RxA1USX2F1dGhfdXNlcl9iYWNrZW5kcQRVKWRqYW5nby5jb250cmliLmF1dGgu\nYmFja2VuZHMuTW9kZWxCYWNrZW5kcQVVDV9hdXRoX3VzZXJfaWRxBooBAXUu\n','2015-10-18 04:05:41'),('ec2a80b04145e8d019cefc6501b57d99','NjcwY2ZiMzA2MzFkZDZmOGMxNTBlYjA2NGU1MDExYTYzNDBhMWEzODqAAn1xAShVCHVzZXJuYW1l\ncQJYBAAAAHJvb3RxA1USX2F1dGhfdXNlcl9iYWNrZW5kcQRVKWRqYW5nby5jb250cmliLmF1dGgu\nYmFja2VuZHMuTW9kZWxCYWNrZW5kcQVVDV9hdXRoX3VzZXJfaWRxBooBAXUu\n','2015-10-18 10:49:00'),('d9fda1319c830ad6ea311c473fab8ec2','NjcwY2ZiMzA2MzFkZDZmOGMxNTBlYjA2NGU1MDExYTYzNDBhMWEzODqAAn1xAShVCHVzZXJuYW1l\ncQJYBAAAAHJvb3RxA1USX2F1dGhfdXNlcl9iYWNrZW5kcQRVKWRqYW5nby5jb250cmliLmF1dGgu\nYmFja2VuZHMuTW9kZWxCYWNrZW5kcQVVDV9hdXRoX3VzZXJfaWRxBooBAXUu\n','2015-10-18 10:50:41'),('8f43176fc0f30e375dffd9d341017ae9','NjcwY2ZiMzA2MzFkZDZmOGMxNTBlYjA2NGU1MDExYTYzNDBhMWEzODqAAn1xAShVCHVzZXJuYW1l\ncQJYBAAAAHJvb3RxA1USX2F1dGhfdXNlcl9iYWNrZW5kcQRVKWRqYW5nby5jb250cmliLmF1dGgu\nYmFja2VuZHMuTW9kZWxCYWNrZW5kcQVVDV9hdXRoX3VzZXJfaWRxBooBAXUu\n','2015-10-19 02:20:16'),('fba68237402d9e0d8ae5118cc2290dee','NjcwY2ZiMzA2MzFkZDZmOGMxNTBlYjA2NGU1MDExYTYzNDBhMWEzODqAAn1xAShVCHVzZXJuYW1l\ncQJYBAAAAHJvb3RxA1USX2F1dGhfdXNlcl9iYWNrZW5kcQRVKWRqYW5nby5jb250cmliLmF1dGgu\nYmFja2VuZHMuTW9kZWxCYWNrZW5kcQVVDV9hdXRoX3VzZXJfaWRxBooBAXUu\n','2015-10-20 02:09:27'),('46affb0f700466e1912b88add20e477d','ZWUwZTllMGQ2NDkzYjcxMTVmNWRkZmI1MTg5YjVlOTE3NDQ4Y2NhNzqAAn1xAShVEl9hdXRoX3Vz\nZXJfYmFja2VuZHECVSlkamFuZ28uY29udHJpYi5hdXRoLmJhY2tlbmRzLk1vZGVsQmFja2VuZHED\nVQ1fYXV0aF91c2VyX2lkcQSKAQF1Lg==\n','2015-10-19 12:13:58'),('c05b9d2c18a8cfc11f45a3fae05da065','NjcwY2ZiMzA2MzFkZDZmOGMxNTBlYjA2NGU1MDExYTYzNDBhMWEzODqAAn1xAShVCHVzZXJuYW1l\ncQJYBAAAAHJvb3RxA1USX2F1dGhfdXNlcl9iYWNrZW5kcQRVKWRqYW5nby5jb250cmliLmF1dGgu\nYmFja2VuZHMuTW9kZWxCYWNrZW5kcQVVDV9hdXRoX3VzZXJfaWRxBooBAXUu\n','2015-10-20 05:42:05'),('497eddb5fcb23c6a8c6b1d58fc6a966c','NjcwY2ZiMzA2MzFkZDZmOGMxNTBlYjA2NGU1MDExYTYzNDBhMWEzODqAAn1xAShVCHVzZXJuYW1l\ncQJYBAAAAHJvb3RxA1USX2F1dGhfdXNlcl9iYWNrZW5kcQRVKWRqYW5nby5jb250cmliLmF1dGgu\nYmFja2VuZHMuTW9kZWxCYWNrZW5kcQVVDV9hdXRoX3VzZXJfaWRxBooBAXUu\n','2015-10-20 05:45:14'),('23dbf71723f6df2f10c2e71a079bdeee','NjcwY2ZiMzA2MzFkZDZmOGMxNTBlYjA2NGU1MDExYTYzNDBhMWEzODqAAn1xAShVCHVzZXJuYW1l\ncQJYBAAAAHJvb3RxA1USX2F1dGhfdXNlcl9iYWNrZW5kcQRVKWRqYW5nby5jb250cmliLmF1dGgu\nYmFja2VuZHMuTW9kZWxCYWNrZW5kcQVVDV9hdXRoX3VzZXJfaWRxBooBAXUu\n','2015-10-20 15:31:08'),('711e06c8d3e1e3628f896a5c4cbe0727','NjcwY2ZiMzA2MzFkZDZmOGMxNTBlYjA2NGU1MDExYTYzNDBhMWEzODqAAn1xAShVCHVzZXJuYW1l\ncQJYBAAAAHJvb3RxA1USX2F1dGhfdXNlcl9iYWNrZW5kcQRVKWRqYW5nby5jb250cmliLmF1dGgu\nYmFja2VuZHMuTW9kZWxCYWNrZW5kcQVVDV9hdXRoX3VzZXJfaWRxBooBAXUu\n','2015-10-20 16:36:54'),('409b9b12f18c31540bd9af11bf6cf903','NjcwY2ZiMzA2MzFkZDZmOGMxNTBlYjA2NGU1MDExYTYzNDBhMWEzODqAAn1xAShVCHVzZXJuYW1l\ncQJYBAAAAHJvb3RxA1USX2F1dGhfdXNlcl9iYWNrZW5kcQRVKWRqYW5nby5jb250cmliLmF1dGgu\nYmFja2VuZHMuTW9kZWxCYWNrZW5kcQVVDV9hdXRoX3VzZXJfaWRxBooBAXUu\n','2015-10-20 16:36:55'),('71fc76a5f64b810f0f4859c8559324f1','NjcwY2ZiMzA2MzFkZDZmOGMxNTBlYjA2NGU1MDExYTYzNDBhMWEzODqAAn1xAShVCHVzZXJuYW1l\ncQJYBAAAAHJvb3RxA1USX2F1dGhfdXNlcl9iYWNrZW5kcQRVKWRqYW5nby5jb250cmliLmF1dGgu\nYmFja2VuZHMuTW9kZWxCYWNrZW5kcQVVDV9hdXRoX3VzZXJfaWRxBooBAXUu\n','2015-10-21 04:06:56'),('333106d63a2a0f292508bfdb359ad520','NjcwY2ZiMzA2MzFkZDZmOGMxNTBlYjA2NGU1MDExYTYzNDBhMWEzODqAAn1xAShVCHVzZXJuYW1l\ncQJYBAAAAHJvb3RxA1USX2F1dGhfdXNlcl9iYWNrZW5kcQRVKWRqYW5nby5jb250cmliLmF1dGgu\nYmFja2VuZHMuTW9kZWxCYWNrZW5kcQVVDV9hdXRoX3VzZXJfaWRxBooBAXUu\n','2015-10-22 01:11:51'),('8f8dcd13a6585386d4457d4b50c43e23','NjcwY2ZiMzA2MzFkZDZmOGMxNTBlYjA2NGU1MDExYTYzNDBhMWEzODqAAn1xAShVCHVzZXJuYW1l\ncQJYBAAAAHJvb3RxA1USX2F1dGhfdXNlcl9iYWNrZW5kcQRVKWRqYW5nby5jb250cmliLmF1dGgu\nYmFja2VuZHMuTW9kZWxCYWNrZW5kcQVVDV9hdXRoX3VzZXJfaWRxBooBAXUu\n','2015-10-22 04:34:41'),('4aeccea73d6343a1832253d6f80a0d7b','NjcwY2ZiMzA2MzFkZDZmOGMxNTBlYjA2NGU1MDExYTYzNDBhMWEzODqAAn1xAShVCHVzZXJuYW1l\ncQJYBAAAAHJvb3RxA1USX2F1dGhfdXNlcl9iYWNrZW5kcQRVKWRqYW5nby5jb250cmliLmF1dGgu\nYmFja2VuZHMuTW9kZWxCYWNrZW5kcQVVDV9hdXRoX3VzZXJfaWRxBooBAXUu\n','2015-10-22 04:40:43'),('438f773140d3f4f80816d3ad30490012','NjcwY2ZiMzA2MzFkZDZmOGMxNTBlYjA2NGU1MDExYTYzNDBhMWEzODqAAn1xAShVCHVzZXJuYW1l\ncQJYBAAAAHJvb3RxA1USX2F1dGhfdXNlcl9iYWNrZW5kcQRVKWRqYW5nby5jb250cmliLmF1dGgu\nYmFja2VuZHMuTW9kZWxCYWNrZW5kcQVVDV9hdXRoX3VzZXJfaWRxBooBAXUu\n','2015-10-22 04:40:43'),('d66ab9add5e739be7eb631cf11eed3d2','NjcwY2ZiMzA2MzFkZDZmOGMxNTBlYjA2NGU1MDExYTYzNDBhMWEzODqAAn1xAShVCHVzZXJuYW1l\ncQJYBAAAAHJvb3RxA1USX2F1dGhfdXNlcl9iYWNrZW5kcQRVKWRqYW5nby5jb250cmliLmF1dGgu\nYmFja2VuZHMuTW9kZWxCYWNrZW5kcQVVDV9hdXRoX3VzZXJfaWRxBooBAXUu\n','2015-10-22 04:41:03'),('8beb61fb8ad8497a2d25c63e9fd1a8a3','NjcwY2ZiMzA2MzFkZDZmOGMxNTBlYjA2NGU1MDExYTYzNDBhMWEzODqAAn1xAShVCHVzZXJuYW1l\ncQJYBAAAAHJvb3RxA1USX2F1dGhfdXNlcl9iYWNrZW5kcQRVKWRqYW5nby5jb250cmliLmF1dGgu\nYmFja2VuZHMuTW9kZWxCYWNrZW5kcQVVDV9hdXRoX3VzZXJfaWRxBooBAXUu\n','2015-10-22 08:03:01'),('395f1def2c34721a5ebbf71ba1672aab','NjcwY2ZiMzA2MzFkZDZmOGMxNTBlYjA2NGU1MDExYTYzNDBhMWEzODqAAn1xAShVCHVzZXJuYW1l\ncQJYBAAAAHJvb3RxA1USX2F1dGhfdXNlcl9iYWNrZW5kcQRVKWRqYW5nby5jb250cmliLmF1dGgu\nYmFja2VuZHMuTW9kZWxCYWNrZW5kcQVVDV9hdXRoX3VzZXJfaWRxBooBAXUu\n','2015-10-22 11:19:01');
/*!40000 ALTER TABLE `django_session` ENABLE KEYS */;
UNLOCK TABLES;

--
-- Table structure for table `django_site`
--

DROP TABLE IF EXISTS `django_site`;
/*!40101 SET @saved_cs_client     = @@character_set_client */;
/*!40101 SET character_set_client = utf8 */;
CREATE TABLE `django_site` (
  `id` int(11) NOT NULL AUTO_INCREMENT,
  `domain` varchar(100) NOT NULL,
  `name` varchar(50) NOT NULL,
  PRIMARY KEY (`id`)
) ENGINE=MyISAM AUTO_INCREMENT=2 DEFAULT CHARSET=utf8;
/*!40101 SET character_set_client = @saved_cs_client */;

--
-- Dumping data for table `django_site`
--

LOCK TABLES `django_site` WRITE;
/*!40000 ALTER TABLE `django_site` DISABLE KEYS */;
INSERT INTO `django_site` VALUES (1,'example.com','example.com');
/*!40000 ALTER TABLE `django_site` ENABLE KEYS */;
UNLOCK TABLES;
/*!40103 SET TIME_ZONE=@OLD_TIME_ZONE */;

/*!40101 SET SQL_MODE=@OLD_SQL_MODE */;
/*!40014 SET FOREIGN_KEY_CHECKS=@OLD_FOREIGN_KEY_CHECKS */;
/*!40014 SET UNIQUE_CHECKS=@OLD_UNIQUE_CHECKS */;
/*!40101 SET CHARACTER_SET_CLIENT=@OLD_CHARACTER_SET_CLIENT */;
/*!40101 SET CHARACTER_SET_RESULTS=@OLD_CHARACTER_SET_RESULTS */;
/*!40101 SET COLLATION_CONNECTION=@OLD_COLLATION_CONNECTION */;
/*!40111 SET SQL_NOTES=@OLD_SQL_NOTES */;

-- Dump completed on 2015-10-08 21:34:20
